create table product_groups (
	group_id serial primary key,
	group_name VARCHAR(100),
	description	text,
	created_at TIMESTAMP DEFAULT CURRENT_TIMESTAMP
)

insert into product_groups (group_name, description)
values
	('FILTERS', 'Фильтры'),
('ENGINE_PARTS', 'Детали двигателя'),
('EXLE_PARTS', 'Детали осей, мостов'),
('SUSPENSION', 'Подвеска'),
('TRANSMISSION', 'Трансмиссия'),
('BEARING', 'Подшипники'),
('GASKETS', 'Прокладки, уплотнения'),
('ELECTRONIC_COMP', 'Электронные компоненты'),
('COOLING_SYSTEM', 'Система охлаждения'),
('BODY_PARTS', 'Детали кузова'),
('ELECTRIC_PARTS', 'Электрические детали');

create table product_categories (
	category_id	serial primary key,
	category_name VARCHAR(100),
	group_id INT not null,
	description text,
	created_at timestamp default current_timestamp
)

insert into product_categories (category_id, category_name, group_id, description)
values
(1, 'BRAKE SYSTEM DETAILS', 1, 'Детали тормозной системы'),
(2, 'FILTERS_AIR', 2, 'Фильтры возд'),
(3, 'FILTERS_CAB', 2, 'Фильтры каб'),
(4, 'FILTERS_FUEL', 2, 'Фильтры топл'),
(5, 'FILTERS_OIL', 2, 'Фильтры '),
(6, 'ENGINE DETAILS ', 3, 'Детали двигателя '),
(7, 'OIL PUMPS ', 3, 'Насосы масляные '),
(8, 'AXLES TRAILERS', 4, 'Оси к прицепам и полуприцепам'),
(9, 'OTHER AXLES DETAILS', 4, 'Детали мостов прочие'),
(10, 'SHOCK ABSORBERS', 5, 'Амортизаторы'),
(11, 'SPRINGS', 5, 'Рессоры'),
(12, 'SUSPENSION AND STEERING DETAILS ', 5, 'Детали подвески и рулевого управления '),
(13, 'CLUTCHES ', 6, 'Сцепления '),
(14, 'GEARBOX DETAILS', 6, 'Детали КПП '),
(15, 'BEARINGS ROLLERS TENSIONERS ', 7, 'Подшипники, ролики, натяжители '),
(16, 'GASKETS AND SEALS ', 8, 'Прокладки и уплотнения '),
(17, 'SENSORS ', 9, 'Датчики '),
(18, 'FANS', 10, 'Вентиляторы'),
(19, 'RADIATORS ', 10, 'Радиаторы '),
(20, 'THERMOSTATS', 10, 'Термостаты'),
(21, 'WATER PUMPS', 10, 'Насосы водяные'),
(22, 'FASTENERS', 11, 'Крепёжные элементы'),
(23, 'GLASS', 11, 'Стёкла '),
(24, 'MIRRORS', 11, 'Зеркала'),
(25, 'OPTICS', 11, 'Оптика '),
(26, 'BATTERY', 12, 'АКБ'),
(27, 'ELECTRIC_MOTORS', 12, 'Электромоторы'),
(28, 'ELECTRICAL_EQUIPMENT_OTHER', 12, 'Электрооборудование прочее'),
(29, 'GENERATORS', 12, 'Генераторы'),
(30, 'GLOW_PLUGS', 12, 'Свечи накаливания'),
(31, 'IGNITION_COILS', 12, 'Распределители и катушки зажигания'),
(32, 'IGNITION_WIRES', 12, 'Провода зажигания'),
(33, 'LAMPS', 12, 'Лампы'),
(34, 'SOUND_ALARM_DEVICES', 12, 'Приборы звуковой сигнализации'),
(35, 'SPARK_PLUGS', 12, 'Свечи зажигания'),
(36, 'STARTERS', 12, 'Стартеры');

create table advertising (
	ad_id serial primary key,
	campaign_name varchar(100),
	description text,
	date_start	timestamp,
	date_end timestamp,
	cost_ad numeric(10,4)
)

create table ad_orders (
	ad_orders_id serial primary key,
	ad_id INTEGER,
	order_id integer
)

create table products (
product_id serial primary key,
product_name varchar(100),
category_id int not null,
supplier_id int not null,
price numeric(10,4) not null,
cost_price numeric(10,4) not null,
reorder_level integer not null,
reorder_quantity integer not null,
created_at timestamp default current_timestamp
)

insert into products (product_name, category_id, supplier_id, price, cost_price, reorder_level, reorder_quantity)
values
('Prod_1', 1, 5, 40.76, 33.4, 187, 94),
('Prod_2', 1, 5, 35.2, 29.67, 187, 94),
('Prod_3', 1, 5, 28.53, 24.71, 187, 94),
('Prod_4', 1, 6, 48.07, 39.66, 341, 187),
('Prod_5', 1, 5, 38.14, 32.52, 187, 94),
('Prod_6', 1, 6, 35.1, 29.8, 341, 187),
('Prod_7', 1, 6, 31.03, 26.34, 341, 187),
('Prod_8', 1, 6, 25.46, 21.1, 341, 187),
('Prod_9', 1, 6, 29.82, 23.97, 341, 187),
('Prod_10', 1, 6, 23.8, 20.44, 341, 187),
('Prod_11', 1, 5, 31.99, 27.01, 187, 94),
('Prod_12', 1, 6, 38.29, 31.75, 341, 187),
('Prod_13', 1, 6, 47.44, 39.38, 341, 187),
('Prod_14', 1, 5, 45.59, 39.12, 187, 94),
('Prod_15', 1, 6, 27.02, 23.08, 341, 187),
('Prod_16', 1, 6, 41.8, 34.7, 341, 187),
('Prod_17', 1, 6, 31.33, 26.09, 341, 187),
('Prod_18', 1, 6, 31.47, 25.53, 341, 187),
('Prod_19', 1, 6, 27.93, 22.46, 341, 187),
('Prod_20', 1, 5, 45.32, 36.66, 187, 94),
('Prod_21', 1, 6, 39.22, 31.62, 341, 187),
('Prod_22', 1, 5, 49.14, 39.95, 187, 94),
('Prod_23', 1, 6, 43.1, 34.66, 341, 187),
('Prod_24', 1, 6, 33.29, 26.82, 341, 187),
('Prod_25', 1, 5, 27.73, 23.78, 187, 94),
('Prod_26', 1, 6, 43.93, 36.55, 341, 187),
('Prod_27', 1, 6, 31.59, 25.61, 341, 187),
('Prod_28', 1, 5, 30.74, 24.9, 187, 94),
('Prod_29', 1, 6, 37.55, 31.96, 341, 187),
('Prod_30', 1, 5, 27.85, 23.74, 187, 94),
('Prod_31', 1, 6, 49.12, 39.89, 341, 187),
('Prod_32', 1, 6, 40.89, 33.04, 341, 187),
('Prod_33', 1, 5, 35.81, 31.14, 187, 94),
('Prod_34', 1, 6, 35.92, 30.85, 341, 187),
('Prod_35', 1, 6, 39.79, 33.54, 341, 187),
('Prod_36', 1, 6, 35.66, 29.91, 341, 187),
('Prod_37', 1, 6, 42.77, 36.12, 341, 187),
('Prod_38', 1, 5, 25.49, 20.74, 187, 94),
('Prod_39', 1, 6, 35.58, 29.15, 341, 187),
('Prod_40', 1, 5, 46.89, 39.89, 187, 94),
('Prod_41', 1, 6, 39.53, 31.72, 341, 187),
('Prod_42', 1, 5, 40.87, 32.89, 187, 94),
('Prod_43', 1, 5, 31.15, 26.97, 187, 94),
('Prod_44', 1, 5, 32.04, 26.7, 187, 94),
('Prod_45', 1, 5, 34.34, 29.39, 187, 94),
('Prod_46', 1, 6, 31.5, 26.71, 341, 187),
('Prod_47', 1, 5, 39.18, 33.5, 187, 94),
('Prod_48', 1, 5, 26.73, 23.05, 187, 94),
('Prod_49', 1, 5, 29.35, 25.28, 187, 94),
('Prod_50', 1, 5, 36.36, 30.72, 187, 94),
('Prod_51', 2, 2, 27.37, 20.57, 341, 187),
('Prod_52', 2, 1, 31.26, 26.15, 87, 54),
('Prod_53', 2, 2, 31.74, 24.17, 341, 187),
('Prod_54', 2, 1, 24.75, 20.12, 87, 54),
('Prod_55', 2, 2, 28.08, 21.38, 341, 187),
('Prod_56', 2, 2, 33.79, 27.21, 341, 187),
('Prod_57', 2, 4, 29.8, 23.13, 321, 187),
('Prod_58', 2, 1, 18.47, 15.86, 87, 54),
('Prod_59', 2, 3, 37.45, 28.44, 154, 47),
('Prod_60', 2, 1, 26.86, 21.71, 87, 54),
('Prod_61', 2, 2, 33.98, 27.66, 341, 187),
('Prod_62', 2, 4, 31.28, 25.47, 321, 187),
('Prod_63', 2, 1, 27.65, 21.64, 87, 54),
('Prod_64', 2, 4, 29.14, 22.36, 321, 187),
('Prod_65', 2, 3, 29.72, 25.04, 154, 47),
('Prod_66', 2, 1, 26.9, 22.46, 87, 54),
('Prod_67', 2, 1, 19.74, 15.27, 87, 54),
('Prod_68', 2, 2, 36.34, 27.74, 341, 187),
('Prod_69', 2, 2, 26.7, 19.98, 341, 187),
('Prod_70', 2, 1, 30.72, 26.7, 87, 54),
('Prod_71', 2, 3, 35.48, 26.55, 154, 47),
('Prod_72', 2, 2, 20.02, 16.66, 341, 187),
('Prod_73', 2, 3, 26.55, 19.87, 154, 47),
('Prod_74', 2, 2, 32.25, 25.14, 341, 187),
('Prod_75', 2, 3, 35.5, 28.61, 154, 47),
('Prod_76', 2, 4, 19.69, 15.83, 321, 187),
('Prod_77', 2, 4, 18.99, 15.23, 321, 187),
('Prod_78', 2, 1, 31.98, 25.49, 87, 54),
('Prod_79', 2, 4, 22.42, 17.1, 321, 187),
('Prod_80', 2, 3, 23.22, 18.42, 154, 47),
('Prod_81', 2, 2, 33.9, 26.29, 341, 187),
('Prod_82', 2, 2, 33.02, 25.58, 341, 187),
('Prod_83', 2, 2, 20.3, 15.92, 341, 187),
('Prod_84', 2, 2, 27.72, 23.92, 341, 187),
('Prod_85', 2, 1, 37.19, 29.54, 87, 54),
('Prod_86', 2, 1, 28.81, 23.14, 87, 54),
('Prod_87', 2, 1, 25.61, 19.87, 87, 54),
('Prod_88', 2, 4, 34.11, 28.52, 321, 187),
('Prod_89', 2, 4, 28.51, 22.23, 321, 187),
('Prod_90', 2, 3, 27.74, 22.12, 154, 47),
('Prod_91', 2, 1, 34.03, 28.14, 87, 54),
('Prod_92', 2, 2, 30.88, 24.41, 341, 187),
('Prod_93', 2, 2, 36.02, 29.19, 341, 187),
('Prod_94', 2, 4, 35.54, 28.39, 321, 187),
('Prod_95', 2, 4, 26.45, 21.4, 321, 187),
('Prod_96', 2, 4, 30.72, 24.66, 321, 187),
('Prod_97', 2, 2, 26.86, 20.5, 341, 187),
('Prod_98', 2, 4, 27.78, 20.8, 321, 187),
('Prod_99', 2, 4, 29.13, 22.5, 321, 187),
('Prod_100', 2, 2, 26.73, 21.12, 341, 187),
('Prod_101', 3, 1, 5.14, 3.8, 217, 134),
('Prod_102', 3, 2, 7.46, 4.64, 853, 468),
('Prod_103', 3, 1, 8.92, 5.81, 217, 134),
('Prod_104', 3, 4, 5.88, 3.7, 803, 468),
('Prod_105', 3, 2, 2.8, 2.11, 853, 468),
('Prod_106', 3, 4, 5.24, 3.33, 803, 468),
('Prod_107', 3, 2, 2.76, 2.13, 853, 468),
('Prod_108', 3, 1, 6.5, 4.7, 217, 134),
('Prod_109', 3, 4, 4.7, 3.3, 803, 468),
('Prod_110', 3, 3, 9.03, 5.48, 385, 117),
('Prod_111', 3, 2, 7.81, 5.31, 853, 468),
('Prod_112', 3, 1, 3.67, 2.8, 217, 134),
('Prod_113', 3, 4, 3.17, 2.43, 803, 468),
('Prod_114', 3, 2, 6.1, 4.46, 853, 468),
('Prod_115', 3, 3, 2.64, 2, 385, 117),
('Prod_116', 3, 2, 4.35, 3.38, 853, 468),
('Prod_117', 3, 3, 7.61, 5.42, 385, 117),
('Prod_118', 3, 2, 4.23, 3.22, 853, 468),
('Prod_119', 3, 3, 3.83, 2.87, 385, 117),
('Prod_120', 3, 2, 5.37, 4.01, 853, 468),
('Prod_121', 4, 1, 14.85, 12.22, 145, 89),
('Prod_122', 4, 2, 18.25, 14.63, 569, 312),
('Prod_123', 4, 4, 17.24, 13.84, 535, 312),
('Prod_124', 4, 2, 15.34, 12.65, 569, 312),
('Prod_125', 4, 3, 13.78, 11.9, 256, 78),
('Prod_126', 4, 4, 12.09, 10.45, 535, 312),
('Prod_127', 4, 1, 15.82, 13.73, 145, 89),
('Prod_128', 4, 2, 15.08, 12.57, 569, 312),
('Prod_129', 4, 3, 14.75, 11.81, 256, 78),
('Prod_130', 4, 2, 13.21, 10.97, 569, 312),
('Prod_131', 4, 2, 17.62, 14.6, 569, 312),
('Prod_132', 4, 1, 13.76, 11.71, 145, 89),
('Prod_133', 4, 2, 12.58, 10.45, 569, 312),
('Prod_134', 4, 3, 12.44, 10.4, 256, 78),
('Prod_135', 4, 1, 13.32, 11.03, 145, 89),
('Prod_136', 4, 3, 15.11, 12.54, 256, 78),
('Prod_137', 4, 3, 16.65, 13.42, 256, 78),
('Prod_138', 4, 2, 15.23, 13.18, 569, 312),
('Prod_139', 4, 1, 15.68, 13.35, 145, 89),
('Prod_140', 4, 1, 12.74, 10.39, 145, 89),
('Prod_141', 4, 3, 14.42, 11.69, 256, 78),
('Prod_142', 4, 4, 17.64, 14.71, 535, 312),
('Prod_143', 4, 1, 11.99, 10.32, 145, 89),
('Prod_144', 4, 4, 17.03, 14.34, 535, 312),
('Prod_145', 4, 3, 13.69, 11.57, 256, 78),
('Prod_146', 4, 3, 12.59, 10.91, 256, 78),
('Prod_147', 4, 2, 13.28, 11.24, 569, 312),
('Prod_148', 4, 1, 17.49, 14.43, 145, 89),
('Prod_149', 4, 3, 13.74, 11.28, 256, 78),
('Prod_150', 4, 4, 13.33, 10.88, 535, 312),
('Prod_151', 4, 4, 14.65, 12.44, 535, 312),
('Prod_152', 4, 4, 17.21, 14.18, 535, 312),
('Prod_153', 4, 1, 17.46, 14.56, 145, 89),
('Prod_154', 4, 4, 17.04, 13.98, 535, 312),
('Prod_155', 4, 4, 13.94, 11.32, 535, 312),
('Prod_156', 4, 3, 14.32, 12.43, 256, 78),
('Prod_157', 4, 3, 16.96, 13.6, 256, 78),
('Prod_158', 4, 4, 16.42, 13.61, 535, 312),
('Prod_159', 4, 3, 12.33, 10.51, 256, 78),
('Prod_160', 4, 1, 17.02, 14.04, 145, 89),
('Prod_161', 4, 3, 15.23, 12.2, 256, 78),
('Prod_162', 4, 3, 17.34, 14.5, 256, 78),
('Prod_163', 4, 4, 17.47, 14.99, 535, 312),
('Prod_164', 4, 4, 14.24, 11.39, 535, 312),
('Prod_165', 4, 4, 12.93, 10.55, 535, 312),
('Prod_166', 4, 1, 13.54, 10.85, 145, 89),
('Prod_167', 4, 4, 14.02, 11.75, 535, 312),
('Prod_168', 4, 3, 17.2, 14.52, 256, 78),
('Prod_169', 4, 3, 17.2, 14.87, 256, 78),
('Prod_170', 4, 1, 15.37, 12.75, 145, 89),
('Prod_171', 4, 1, 13.75, 11.44, 145, 89),
('Prod_172', 4, 1, 15.43, 13.21, 145, 89),
('Prod_173', 4, 4, 13.14, 11.35, 535, 312),
('Prod_174', 4, 2, 16.79, 13.77, 569, 312),
('Prod_175', 4, 2, 12.58, 10.41, 569, 312),
('Prod_176', 4, 2, 16.63, 14.33, 569, 312),
('Prod_177', 4, 2, 13.27, 11.39, 569, 312),
('Prod_178', 4, 2, 13.15, 10.85, 569, 312),
('Prod_179', 4, 4, 13.36, 10.81, 535, 312),
('Prod_180', 4, 4, 17.49, 14.85, 535, 312),
('Prod_181', 5, 4, 17.57, 14.72, 642, 375),
('Prod_182', 5, 1, 18.97, 15.26, 174, 107),
('Prod_183', 5, 2, 22.94, 19.14, 682, 375),
('Prod_184', 5, 1, 15.54, 12.9, 174, 107),
('Prod_185', 5, 3, 21.82, 17.64, 308, 94),
('Prod_186', 5, 2, 22.25, 19.34, 682, 375),
('Prod_187', 5, 3, 15.06, 12.98, 308, 94),
('Prod_188', 5, 3, 28.58, 24.6, 308, 94),
('Prod_189', 5, 4, 29.61, 24.47, 642, 375),
('Prod_190', 5, 1, 13.73, 11.15, 174, 107),
('Prod_191', 5, 1, 28.83, 23.29, 174, 107),
('Prod_192', 5, 1, 18.7, 15.21, 174, 107),
('Prod_193', 5, 2, 21.62, 17.42, 682, 375),
('Prod_194', 5, 2, 25.38, 21.25, 682, 375),
('Prod_195', 5, 4, 12.11, 10.5, 642, 375),
('Prod_196', 5, 3, 15.89, 13.11, 308, 94),
('Prod_197', 5, 4, 24, 19.25, 642, 375),
('Prod_198', 5, 2, 16.04, 13.82, 682, 375),
('Prod_199', 5, 4, 25.11, 20.81, 642, 375),
('Prod_200', 5, 4, 14.62, 11.77, 642, 375),
('Prod_201', 5, 1, 16.49, 14.23, 174, 107),
('Prod_202', 5, 3, 27.11, 22.12, 308, 94),
('Prod_203', 5, 4, 18.3, 15.43, 642, 375),
('Prod_204', 5, 1, 19.85, 16.15, 174, 107),
('Prod_205', 5, 4, 27.93, 23.31, 642, 375),
('Prod_206', 5, 3, 16.21, 13.31, 308, 94),
('Prod_207', 5, 4, 27.25, 22.8, 642, 375),
('Prod_208', 5, 2, 24.06, 20.54, 682, 375),
('Prod_209', 5, 2, 20.98, 17.89, 682, 375),
('Prod_210', 5, 1, 15.96, 12.97, 174, 107),
('Prod_211', 5, 3, 22.1, 18.26, 308, 94),
('Prod_212', 5, 1, 25.12, 20.7, 174, 107),
('Prod_213', 5, 3, 21.27, 17.22, 308, 94),
('Prod_214', 5, 2, 23.99, 19.8, 682, 375),
('Prod_215', 5, 2, 24.7, 20.12, 682, 375),
('Prod_216', 5, 3, 14.66, 11.97, 308, 94),
('Prod_217', 5, 2, 21.47, 18.22, 682, 375),
('Prod_218', 5, 3, 29.24, 23.6, 308, 94),
('Prod_219', 5, 1, 12.18, 10.4, 174, 107),
('Prod_220', 5, 2, 26.49, 22.26, 682, 375),
('Prod_221', 5, 4, 18.96, 15.45, 642, 375),
('Prod_222', 5, 1, 23.56, 19.03, 174, 107),
('Prod_223', 5, 4, 14.17, 12.24, 642, 375),
('Prod_224', 5, 1, 16.35, 13.63, 174, 107),
('Prod_225', 5, 1, 15.6, 12.72, 174, 107),
('Prod_226', 5, 2, 28.12, 23.7, 682, 375),
('Prod_227', 5, 2, 22.77, 19.47, 682, 375),
('Prod_228', 5, 3, 16.69, 13.78, 308, 94),
('Prod_229', 5, 3, 28.87, 23.72, 308, 94),
('Prod_230', 5, 3, 25.59, 21.39, 308, 94),
('Prod_231', 6, 7, 65.44, 52.49, 251, 156),
('Prod_232', 6, 7, 88.91, 70.45, 251, 156),
('Prod_233', 6, 7, 62.24, 55.11, 251, 156),
('Prod_234', 6, 7, 99.88, 79.23, 251, 156),
('Prod_235', 6, 7, 58.77, 48.61, 251, 156),
('Prod_236', 6, 7, 73.98, 60.27, 251, 156),
('Prod_237', 6, 7, 65.42, 57.52, 251, 156),
('Prod_238', 6, 7, 58.45, 48.72, 251, 156),
('Prod_239', 6, 7, 82.87, 71.94, 251, 156),
('Prod_240', 6, 7, 67.13, 54.17, 251, 156),
('Prod_241', 6, 7, 58.84, 48.81, 251, 156),
('Prod_242', 6, 7, 89.28, 72.76, 251, 156),
('Prod_243', 6, 7, 84.38, 69.87, 251, 156),
('Prod_244', 6, 7, 31.59, 26.9, 251, 156),
('Prod_245', 6, 7, 55.28, 43.01, 251, 156),
('Prod_246', 6, 7, 33.46, 28.49, 251, 156),
('Prod_247', 6, 7, 42.74, 37.76, 251, 156),
('Prod_248', 6, 7, 59.48, 48.43, 251, 156),
('Prod_249', 6, 7, 81.03, 71.2, 251, 156),
('Prod_250', 6, 7, 78.47, 68.86, 251, 156),
('Prod_251', 6, 7, 33.83, 27, 251, 156),
('Prod_252', 6, 7, 103.57, 82.04, 251, 156),
('Prod_253', 6, 7, 81.39, 71.53, 251, 156),
('Prod_254', 6, 7, 94.89, 81.03, 251, 156),
('Prod_255', 6, 7, 78.91, 65.85, 251, 156),
('Prod_256', 6, 7, 94.03, 83.48, 251, 156),
('Prod_257', 6, 7, 37.57, 29.65, 251, 156),
('Prod_258', 6, 7, 81.75, 63.71, 251, 156),
('Prod_259', 6, 7, 69.3, 59.05, 251, 156),
('Prod_260', 6, 7, 78.66, 66.11, 251, 156),
('Prod_261', 7, 7, 44.41, 33.63, 376, 234),
('Prod_262', 7, 7, 24.31, 16.27, 376, 234),
('Prod_263', 7, 7, 37.5, 24.42, 376, 234),
('Prod_264', 7, 7, 41.69, 29.17, 376, 234),
('Prod_265', 7, 7, 23.84, 17.8, 376, 234),
('Prod_266', 8, 8, 741.97, 646.6, 19, 12),
('Prod_267', 8, 8, 586.39, 490.5, 19, 12),
('Prod_268', 8, 8, 639.01, 523.52, 19, 12),
('Prod_269', 8, 8, 619.76, 553.11, 19, 12),
('Prod_270', 8, 8, 688.31, 570.41, 19, 12),
('Prod_271', 9, 8, 61.74, 46.53, 2565, 1561),
('Prod_272', 9, 8, 29.96, 25.38, 2565, 1561),
('Prod_273', 9, 8, 32.7, 27.07, 2565, 1561),
('Prod_274', 9, 8, 46.56, 36.19, 2565, 1561),
('Prod_275', 9, 8, 53.64, 41.66, 2565, 1561),
('Prod_276', 9, 8, 60.31, 46.64, 2565, 1561),
('Prod_277', 9, 8, 26.78, 21.75, 2565, 1561),
('Prod_278', 9, 8, 38.78, 30.59, 2565, 1561),
('Prod_279', 9, 8, 51.07, 40.41, 2565, 1561),
('Prod_280', 9, 8, 38.32, 29.72, 2565, 1561),
('Prod_281', 9, 8, 28.94, 21.88, 2565, 1561),
('Prod_282', 9, 8, 27.58, 21.04, 2565, 1561),
('Prod_283', 9, 8, 30.53, 23.53, 2565, 1561),
('Prod_284', 9, 8, 56.18, 42.32, 2565, 1561),
('Prod_285', 9, 8, 40.69, 32.04, 2565, 1561),
('Prod_286', 9, 8, 23.81, 19.24, 2565, 1561),
('Prod_287', 9, 8, 26.98, 21.43, 2565, 1561),
('Prod_288', 9, 8, 44.82, 36, 2565, 1561),
('Prod_289', 9, 8, 40.34, 30.95, 2565, 1561),
('Prod_290', 9, 8, 39.02, 30.8, 2565, 1561),
('Prod_291', 9, 8, 8, 6.24, 2565, 1561),
('Prod_292', 9, 8, 39.31, 30.64, 2565, 1561),
('Prod_293', 9, 8, 60.23, 46.55, 2565, 1561),
('Prod_294', 9, 8, 42.53, 32.77, 2565, 1561),
('Prod_295', 9, 8, 62.01, 48.78, 2565, 1561),
('Prod_296', 9, 8, 7.98, 6.6, 2565, 1561),
('Prod_297', 9, 8, 50.89, 39.14, 2565, 1561),
('Prod_298', 9, 8, 60.52, 47.85, 2565, 1561),
('Prod_299', 9, 8, 49.66, 39.3, 2565, 1561),
('Prod_300', 9, 8, 29.65, 23.7, 2565, 1561),
('Prod_301', 10, 9, 22.04, 18, 480, 328),
('Prod_302', 10, 9, 16.98, 13.83, 480, 328),
('Prod_303', 10, 9, 39.65, 34.42, 480, 328),
('Prod_304', 10, 9, 16.39, 13.73, 480, 328),
('Prod_305', 10, 9, 24.65, 20.23, 480, 328),
('Prod_306', 10, 9, 9.2, 7.55, 480, 328),
('Prod_307', 10, 9, 52.39, 43.2, 480, 328),
('Prod_308', 10, 9, 19.97, 16.75, 480, 328),
('Prod_309', 10, 9, 23.6, 20.3, 480, 328),
('Prod_310', 10, 9, 8.9, 7.26, 480, 328),
('Prod_311', 10, 9, 44.07, 37.72, 480, 328),
('Prod_312', 10, 9, 8.92, 7.4, 480, 328),
('Prod_313', 10, 9, 23.6, 19.86, 480, 328),
('Prod_314', 10, 9, 38.27, 31.66, 480, 328),
('Prod_315', 10, 9, 49.46, 41.92, 480, 328),
('Prod_316', 10, 9, 48.57, 42, 480, 328),
('Prod_317', 10, 9, 16.07, 13.31, 480, 328),
('Prod_318', 10, 9, 39.11, 33.85, 480, 328),
('Prod_319', 10, 9, 13.88, 11.74, 480, 328),
('Prod_320', 10, 9, 38.97, 33.37, 480, 328),
('Prod_321', 10, 9, 17.38, 14.77, 480, 328),
('Prod_322', 10, 9, 30.51, 26.22, 480, 328),
('Prod_323', 10, 9, 35.57, 29.27, 480, 328),
('Prod_324', 10, 9, 20.18, 16.5, 480, 328),
('Prod_325', 10, 9, 11.31, 9.74, 480, 328),
('Prod_326', 10, 9, 20.64, 17.64, 480, 328),
('Prod_327', 10, 9, 51.33, 42.26, 480, 328),
('Prod_328', 10, 9, 47.38, 40.49, 480, 328),
('Prod_329', 10, 9, 10.54, 8.83, 480, 328),
('Prod_330', 10, 9, 10.09, 8.5, 480, 328),
('Prod_331', 10, 9, 48.85, 39.9, 480, 328),
('Prod_332', 10, 9, 43.31, 35.98, 480, 328),
('Prod_333', 10, 9, 47.2, 40.85, 480, 328),
('Prod_334', 10, 9, 27.04, 23.11, 480, 328),
('Prod_335', 10, 9, 40.1, 33.75, 480, 328),
('Prod_336', 10, 9, 14.65, 12.03, 480, 328),
('Prod_337', 10, 9, 29.95, 24.72, 480, 328),
('Prod_338', 10, 9, 44.37, 37.66, 480, 328),
('Prod_339', 10, 9, 34.79, 28.42, 480, 328),
('Prod_340', 10, 9, 42.31, 34.47, 480, 328),
('Prod_341', 10, 9, 26.31, 22.24, 480, 328),
('Prod_342', 10, 9, 39.49, 33.73, 480, 328),
('Prod_343', 10, 9, 47.61, 40.25, 480, 328),
('Prod_344', 10, 9, 18.21, 15.22, 480, 328),
('Prod_345', 10, 9, 16.38, 13.92, 480, 328),
('Prod_346', 10, 9, 49.03, 41.46, 480, 328),
('Prod_347', 10, 9, 45.78, 39.77, 480, 328),
('Prod_348', 10, 9, 46.11, 38.68, 480, 328),
('Prod_349', 10, 9, 26.54, 22.44, 480, 328),
('Prod_350', 10, 9, 51.85, 44.67, 480, 328),
('Prod_351', 11, 10, 71.16, 61.1, 959, 624),
('Prod_352', 11, 10, 62.29, 54.58, 959, 624),
('Prod_353', 11, 10, 104.97, 88.89, 959, 624),
('Prod_354', 11, 10, 100.28, 86.26, 959, 624),
('Prod_355', 11, 10, 98.68, 83.6, 959, 624),
('Prod_356', 11, 10, 101.93, 87.27, 959, 624),
('Prod_357', 11, 10, 83.64, 70.42, 959, 624),
('Prod_358', 11, 10, 88.46, 76.03, 959, 624),
('Prod_359', 11, 10, 82.59, 70.72, 959, 624),
('Prod_360', 11, 10, 85.79, 73.84, 959, 624),
('Prod_361', 11, 10, 93.14, 78.91, 959, 624),
('Prod_362', 11, 10, 85.26, 71.32, 959, 624),
('Prod_363', 11, 10, 87.68, 73.75, 959, 624),
('Prod_364', 11, 10, 73.25, 62.61, 959, 624),
('Prod_365', 11, 10, 67.98, 58.08, 959, 624),
('Prod_366', 12, 10, 60.4, 48.42, 1199, 781),
('Prod_367', 12, 10, 36.93, 29.01, 1199, 781),
('Prod_368', 12, 10, 124.09, 90.11, 1199, 781),
('Prod_369', 12, 10, 29.25, 22.69, 1199, 781),
('Prod_370', 12, 10, 44.74, 31.15, 1199, 781),
('Prod_371', 12, 10, 101.33, 78.25, 1199, 781),
('Prod_372', 12, 10, 79.78, 54.82, 1199, 781),
('Prod_373', 12, 11, 63.26, 47.34, 1422, 781),
('Prod_374', 12, 10, 61.49, 44, 1199, 781),
('Prod_375', 12, 10, 29.37, 21.61, 1199, 781),
('Prod_376', 12, 10, 29.37, 20.94, 1199, 781),
('Prod_377', 12, 11, 69.55, 47.43, 1422, 781),
('Prod_378', 12, 11, 91.11, 72.41, 1422, 781),
('Prod_379', 12, 10, 72.08, 58.33, 1199, 781),
('Prod_380', 12, 10, 28.84, 22.89, 1199, 781),
('Prod_381', 12, 11, 49.06, 35.11, 1422, 781),
('Prod_382', 12, 11, 18.08, 12.6, 1422, 781),
('Prod_383', 12, 10, 11.84, 9.64, 1199, 781),
('Prod_384', 12, 10, 133.03, 96.02, 1199, 781),
('Prod_385', 12, 11, 114.4, 79.73, 1422, 781),
('Prod_386', 12, 10, 105.68, 74.01, 1199, 781),
('Prod_387', 12, 10, 8.31, 6.52, 1199, 781),
('Prod_388', 12, 11, 26.69, 21.54, 1422, 781),
('Prod_389', 12, 11, 44.27, 35.93, 1422, 781),
('Prod_390', 12, 11, 79.26, 60.33, 1422, 781),
('Prod_391', 12, 10, 115.7, 88.61, 1199, 781),
('Prod_392', 12, 11, 49.37, 34.32, 1422, 781),
('Prod_393', 12, 10, 33.83, 22.99, 1199, 781),
('Prod_394', 12, 10, 38.01, 29.18, 1199, 781),
('Prod_395', 12, 11, 71.25, 53.21, 1422, 781),
('Prod_396', 12, 11, 90.11, 68.66, 1422, 781),
('Prod_397', 12, 10, 40.33, 27.3, 1199, 781),
('Prod_398', 12, 10, 106.35, 79.03, 1199, 781),
('Prod_399', 12, 10, 50.55, 39.11, 1199, 781),
('Prod_400', 12, 10, 84.56, 68.45, 1199, 781),
('Prod_401', 12, 11, 59.87, 44.45, 1422, 781),
('Prod_402', 12, 10, 80.3, 56.04, 1199, 781),
('Prod_403', 12, 10, 30.46, 23.6, 1199, 781),
('Prod_404', 12, 11, 44.32, 34.2, 1422, 781),
('Prod_405', 12, 10, 58.69, 40.09, 1199, 781),
('Prod_406', 12, 10, 73.92, 52.79, 1199, 781),
('Prod_407', 12, 10, 104.36, 72.22, 1199, 781),
('Prod_408', 12, 10, 63.83, 45.02, 1199, 781),
('Prod_409', 12, 10, 106.33, 79.13, 1199, 781),
('Prod_410', 12, 11, 15.74, 11.5, 1422, 781);

create table suppliers (
supplier_id serial primary key,
supplier_name varchar(100) not null,
email varchar(100),
city varchar(100) not null,
country varchar(100) not null,
lead_time Integer not null,
delay_time integer not null,
delivery_cycle integer not null,
created_at timestamp default current_timestamp
)

insert into suppliers (supplier_name, email, city, country, lead_time, delay_time, delivery_cycle)
values
('Supplier_1', '', 'China', 'Beijing', 45, 10, 28),
('Supplier_2', '', 'Japan', 'Tokyo', 70, 11, 28),
('Supplier_3', '', 'Germany', 'Berlin', 10, 13, 7),
('Supplier_4', '', 'India', 'NewDelhi', 80, 8, 28),
('Supplier_5', '', 'France', 'Paris', 15, 13, 14),
('Supplier_6', '', 'Brazil', 'Brasília', 40, 11, 28),
('Supplier_7', '', 'Italy', 'Rome', 30, 15, 28),
('Supplier_8', '', 'Canada', 'Ottawa', 35, 11, 28),
('Supplier_9', '', 'Russia', 'Moscow', 30, 11, 28),
('Supplier_10', '', 'Mexico', 'Mexico City', 35, 8, 28),
('Supplier_11', '', 'Australia', 'Canberra', 40, 11, 28),
('Supplier_12', '', 'South Korea', 'Seoul', 35, 7, 28),
('Supplier_13', '', 'Spain', 'Madrid', 15, 9, 14),
('Supplier_14', '', 'Indonesia', 'Jakarta', 45, 15, 28),
('Supplier_15', '', 'Netherlands', 'Amsterdam', 15, 6, 14),
('Supplier_16', '', 'Turkey', 'Ankara', 35, 10, 28),
('Supplier_17', '', 'Poland', 'Warsaw', 30, 12, 28),
('Supplier_18', '', 'Argentina', 'BuenosAires', 45, 5, 28),
('Supplier_19', '', 'Sweden', 'Stockholm', 30, 5, 28),
('Supplier_20', '', 'Norway', 'Oslo', 30, 13, 28),
('Supplier_21', '', 'Belgium', 'Brussels', 15, 13, 14),
('Supplier_22', '', 'Ireland', 'Dublin', 25, 15, 28),
('Supplier_23', '', 'Thailand', 'Bangkok', 45, 13, 28),
('Supplier_24', '', 'Nigeria', 'Abuja', 45, 6, 28),
('Supplier_25', '', 'Egypt', 'Cairo', 40, 6, 28),
('Supplier_26', '', 'Austria', 'Vienna', 25, 15, 28),
('Supplier_27', '', 'Singapore', 'Singapore', 40, 5, 28),
('Supplier_28', '', 'China', 'Beijing', 90, 12, 28),
('Supplier_29', '', 'Turkey', 'Ankara', 60, 15, 28),
('Supplier_30', '', 'South Korea', 'Seoul', 60, 8, 28),
('Supplier_31', '', 'Spain', 'Madrid', 35, 5, 28),
('Supplier_32', '', 'Argentina', 'BuenosAires', 35, 11, 28),
('Supplier_33', '', 'Poland', 'Warsaw', 25, 12, 28),
('Supplier_34', '', 'Thailand', 'Bangkok', 65, 13, 28),
('Supplier_35', '', 'China', 'Beijing', 85, 7, 28),
('Supplier_36', '', 'India', 'NewDelhi', 105, 15, 28),
('Supplier_37', '', 'Brazil', 'Brasilia', 45, 8, 28),
('Supplier_38', '', 'Italy', 'Rome', 30, 7, 28),
('Supplier_39', '', 'Russia', 'Moscow', 60, 9, 28),
('Supplier_40', '', 'Argentina', 'BuenosAires', 60, 10, 28);


create table customers(
customer_id serial primary key,
customer_name varchar(100) not null,
email varchar(100),
address text,
city varchar(100) not null,
country varchar(100) not null,
created_at timestamp default current_timestamp
)

insert into customers (customer_name, email, address, city, country)
values
('Customer_1', '', '', 'Dublin', 'Ireland'),
('Customer_2', '', '', 'Dublin', 'Ireland'),
('Customer_3', '', '', 'Brussels', 'Belgium'),
('Customer_4', '', '', 'Stockholm', 'Sweden'),
('Customer_5', '', '', 'Vienna', 'Austria'),
('Customer_6', '', '', 'Berlin', 'Germany'),
('Customer_7', '', '', 'Dublin', 'Ireland'),
('Customer_8', '', '', 'Stockholm', 'Sweden'),
('Customer_9', '', '', 'Oslo', 'Norway'),
('Customer_10', '', '', 'Paris', 'France'),
('Customer_11', '', '', 'Vienna', 'Austria'),
('Customer_12', '', '', 'Brasília', 'Brazil'),
('Customer_13', '', '', 'Berlin', 'Germany'),
('Customer_14', '', '', 'Paris', 'France'),
('Customer_15', '', '', 'Brasília', 'Brazil'),
('Customer_16', '', '', 'Brussels', 'Belgium'),
('Customer_17', '', '', 'Brussels', 'Belgium'),
('Customer_18', '', '', 'Oslo', 'Norway'),
('Customer_19', '', '', 'Dublin', 'Ireland'),
('Customer_20', '', '', 'Vienna', 'Austria'),
('Customer_21', '', '', 'Brasília', 'Brazil'),
('Customer_22', '', '', 'Oslo', 'Norway'),
('Customer_23', '', '', 'Paris', 'France'),
('Customer_24', '', '', 'Berlin', 'Germany'),
('Customer_25', '', '', 'Berlin', 'Germany'),
('Customer_26', '', '', 'Dublin', 'Ireland'),
('Customer_27', '', '', 'Oslo', 'Norway'),
('Customer_28', '', '', 'Brussels', 'Belgium'),
('Customer_29', '', '', 'Amsterdam', 'Netherlands'),
('Customer_30', '', '', 'Dublin', 'Ireland'),
('Customer_31', '', '', 'Rome', 'Italy'),
('Customer_32', '', '', 'Rome', 'Italy'),
('Customer_33', '', '', 'Warsaw', 'Poland'),
('Customer_34', '', '', 'Amsterdam', 'Netherlands'),
('Customer_35', '', '', 'Stockholm', 'Sweden'),
('Customer_36', '', '', 'Amsterdam', 'Netherlands'),
('Customer_37', '', '', 'Oslo', 'Norway'),
('Customer_38', '', '', 'Stockholm', 'Sweden'),
('Customer_39', '', '', 'Brasília', 'Brazil'),
('Customer_40', '', '', 'Paris', 'France'),
('Customer_41', '', '', 'Berlin', 'Germany'),
('Customer_42', '', '', 'Rome', 'Italy'),
('Customer_43', '', '', 'Amsterdam', 'Netherlands'),
('Customer_44', '', '', 'Rome', 'Italy'),
('Customer_45', '', '', 'Vienna', 'Austria'),
('Customer_46', '', '', 'Warsaw', 'Poland'),
('Customer_47', '', '', 'Dublin', 'Ireland'),
('Customer_48', '', '', 'Brasília', 'Brazil'),
('Customer_49', '', '', 'Madrid', 'Spain'),
('Customer_50', '', '', 'Rome', 'Italy'),
('Customer_51', '', '', 'Warsaw', 'Poland'),
('Customer_52', '', '', 'Brussels', 'Belgium'),
('Customer_53', '', '', 'Rome', 'Italy'),
('Customer_54', '', '', 'Warsaw', 'Poland'),
('Customer_55', '', '', 'Amsterdam', 'Netherlands'),
('Customer_56', '', '', 'Rome', 'Italy'),
('Customer_57', '', '', 'Amsterdam', 'Netherlands'),
('Customer_58', '', '', 'Stockholm', 'Sweden'),
('Customer_59', '', '', 'Warsaw', 'Poland'),
('Customer_60', '', '', 'Warsaw', 'Poland'),
('Customer_61', '', '', 'Brasília', 'Brazil'),
('Customer_62', '', '', 'Warsaw', 'Poland'),
('Customer_63', '', '', 'Warsaw', 'Poland'),
('Customer_64', '', '', 'Brussels', 'Belgium'),
('Customer_65', '', '', 'Amsterdam', 'Netherlands'),
('Customer_66', '', '', 'Oslo', 'Norway'),
('Customer_67', '', '', 'Berlin', 'Germany'),
('Customer_68', '', '', 'Amsterdam', 'Netherlands'),
('Customer_69', '', '', 'Warsaw', 'Poland'),
('Customer_70', '', '', 'Amsterdam', 'Netherlands'),
('Customer_71', '', '', 'Rome', 'Italy'),
('Customer_72', '', '', 'Warsaw', 'Poland'),
('Customer_73', '', '', 'Oslo', 'Norway'),
('Customer_74', '', '', 'Warsaw', 'Poland'),
('Customer_75', '', '', 'Oslo', 'Norway'),
('Customer_76', '', '', 'Stockholm', 'Sweden'),
('Customer_77', '', '', 'Brussels', 'Belgium'),
('Customer_78', '', '', 'Berlin', 'Germany'),
('Customer_79', '', '', 'Rome', 'Italy'),
('Customer_80', '', '', 'Brussels', 'Belgium'),
('Customer_81', '', '', 'Madrid', 'Spain'),
('Customer_82', '', '', 'Berlin', 'Germany'),
('Customer_83', '', '', 'Paris', 'France'),
('Customer_84', '', '', 'Brussels', 'Belgium'),
('Customer_85', '', '', 'Dublin', 'Ireland'),
('Customer_86', '', '', 'Vienna', 'Austria'),
('Customer_87', '', '', 'Brasília', 'Brazil'),
('Customer_88', '', '', 'Madrid', 'Spain'),
('Customer_89', '', '', 'Madrid', 'Spain'),
('Customer_90', '', '', 'Stockholm', 'Sweden'),
('Customer_91', '', '', 'Brasília', 'Brazil'),
('Customer_92', '', '', 'Paris', 'France'),
('Customer_93', '', '', 'Brasília', 'Brazil'),
('Customer_94', '', '', 'Brussels', 'Belgium'),
('Customer_95', '', '', 'Brasília', 'Brazil'),
('Customer_96', '', '', 'Paris', 'France'),
('Customer_97', '', '', 'Paris', 'France'),
('Customer_98', '', '', 'Warsaw', 'Poland'),
('Customer_99', '', '', 'Oslo', 'Norway'),
('Customer_100', '', '', 'Warsaw', 'Poland'),
('Customer_101', '', '', 'Brussels', 'Belgium'),
('Customer_102', '', '', 'Warsaw', 'Poland'),
('Customer_103', '', '', 'Amsterdam', 'Netherlands'),
('Customer_104', '', '', 'Brussels', 'Belgium'),
('Customer_105', '', '', 'Stockholm', 'Sweden'),
('Customer_106', '', '', 'Berlin', 'Germany'),
('Customer_107', '', '', 'Vienna', 'Austria'),
('Customer_108', '', '', 'Madrid', 'Spain'),
('Customer_109', '', '', 'Berlin', 'Germany'),
('Customer_110', '', '', 'Berlin', 'Germany'),
('Customer_111', '', '', 'Brussels', 'Belgium'),
('Customer_112', '', '', 'Paris', 'France'),
('Customer_113', '', '', 'Brussels', 'Belgium'),
('Customer_114', '', '', 'Warsaw', 'Poland'),
('Customer_115', '', '', 'Stockholm', 'Sweden'),
('Customer_116', '', '', 'Paris', 'France'),
('Customer_117', '', '', 'Oslo', 'Norway'),
('Customer_118', '', '', 'Brussels', 'Belgium'),
('Customer_119', '', '', 'Berlin', 'Germany'),
('Customer_120', '', '', 'Brasília', 'Brazil'),
('Customer_121', '', '', 'Dublin', 'Ireland'),
('Customer_122', '', '', 'Oslo', 'Norway'),
('Customer_123', '', '', 'Dublin', 'Ireland'),
('Customer_124', '', '', 'Oslo', 'Norway'),
('Customer_125', '', '', 'Dublin', 'Ireland'),
('Customer_126', '', '', 'Oslo', 'Norway'),
('Customer_127', '', '', 'Dublin', 'Ireland'),
('Customer_128', '', '', 'Vienna', 'Austria'),
('Customer_129', '', '', 'Madrid', 'Spain'),
('Customer_130', '', '', 'Rome', 'Italy'),
('Customer_131', '', '', 'Amsterdam', 'Netherlands'),
('Customer_132', '', '', 'Madrid', 'Spain'),
('Customer_133', '', '', 'Dublin', 'Ireland'),
('Customer_134', '', '', 'Stockholm', 'Sweden'),
('Customer_135', '', '', 'Rome', 'Italy'),
('Customer_136', '', '', 'Warsaw', 'Poland'),
('Customer_137', '', '', 'Warsaw', 'Poland'),
('Customer_138', '', '', 'Stockholm', 'Sweden'),
('Customer_139', '', '', 'Brasília', 'Brazil'),
('Customer_140', '', '', 'Warsaw', 'Poland'),
('Customer_141', '', '', 'Warsaw', 'Poland'),
('Customer_142', '', '', 'Warsaw', 'Poland'),
('Customer_143', '', '', 'Madrid', 'Spain'),
('Customer_144', '', '', 'Vienna', 'Austria'),
('Customer_145', '', '', 'Paris', 'France'),
('Customer_146', '', '', 'Brasília', 'Brazil'),
('Customer_147', '', '', 'Stockholm', 'Sweden'),
('Customer_148', '', '', 'Brussels', 'Belgium'),
('Customer_149', '', '', 'Paris', 'France'),
('Customer_150', '', '', 'Brasília', 'Brazil'),
('Customer_151', '', '', 'Stockholm', 'Sweden'),
('Customer_152', '', '', 'Rome', 'Italy'),
('Customer_153', '', '', 'Oslo', 'Norway'),
('Customer_154', '', '', 'Vienna', 'Austria'),
('Customer_155', '', '', 'Madrid', 'Spain'),
('Customer_156', '', '', 'Madrid', 'Spain'),
('Customer_157', '', '', 'Amsterdam', 'Netherlands'),
('Customer_158', '', '', 'Brussels', 'Belgium'),
('Customer_159', '', '', 'Amsterdam', 'Netherlands'),
('Customer_160', '', '', 'Rome', 'Italy'),
('Customer_161', '', '', 'Paris', 'France'),
('Customer_162', '', '', 'Warsaw', 'Poland'),
('Customer_163', '', '', 'Stockholm', 'Sweden'),
('Customer_164', '', '', 'Paris', 'France'),
('Customer_165', '', '', 'Dublin', 'Ireland'),
('Customer_166', '', '', 'Warsaw', 'Poland'),
('Customer_167', '', '', 'Dublin', 'Ireland'),
('Customer_168', '', '', 'Dublin', 'Ireland'),
('Customer_169', '', '', 'Dublin', 'Ireland'),
('Customer_170', '', '', 'Amsterdam', 'Netherlands'),
('Customer_171', '', '', 'Dublin', 'Ireland'),
('Customer_172', '', '', 'Brasília', 'Brazil'),
('Customer_173', '', '', 'Madrid', 'Spain'),
('Customer_174', '', '', 'Berlin', 'Germany'),
('Customer_175', '', '', 'Warsaw', 'Poland'),
('Customer_176', '', '', 'Amsterdam', 'Netherlands'),
('Customer_177', '', '', 'Warsaw', 'Poland'),
('Customer_178', '', '', 'Madrid', 'Spain'),
('Customer_179', '', '', 'Warsaw', 'Poland'),
('Customer_180', '', '', 'Brussels', 'Belgium'),
('Customer_181', '', '', 'Rome', 'Italy'),
('Customer_182', '', '', 'Oslo', 'Norway'),
('Customer_183', '', '', 'Vienna', 'Austria'),
('Customer_184', '', '', 'Stockholm', 'Sweden'),
('Customer_185', '', '', 'Oslo', 'Norway'),
('Customer_186', '', '', 'Brussels', 'Belgium'),
('Customer_187', '', '', 'Dublin', 'Ireland'),
('Customer_188', '', '', 'Rome', 'Italy'),
('Customer_189', '', '', 'Rome', 'Italy'),
('Customer_190', '', '', 'Madrid', 'Spain'),
('Customer_191', '', '', 'Dublin', 'Ireland'),
('Customer_192', '', '', 'Vienna', 'Austria'),
('Customer_193', '', '', 'Warsaw', 'Poland'),
('Customer_194', '', '', 'Vienna', 'Austria'),
('Customer_195', '', '', 'Brasília', 'Brazil'),
('Customer_196', '', '', 'Vienna', 'Austria'),
('Customer_197', '', '', 'Brussels', 'Belgium'),
('Customer_198', '', '', 'Rome', 'Italy'),
('Customer_199', '', '', 'Vienna', 'Austria'),
('Customer_200', '', '', 'Warsaw', 'Poland'),
('Customer_201', '', '', 'Oslo', 'Norway'),
('Customer_202', '', '', 'Amsterdam', 'Netherlands'),
('Customer_203', '', '', 'Oslo', 'Norway'),
('Customer_204', '', '', 'Berlin', 'Germany'),
('Customer_205', '', '', 'Oslo', 'Norway'),
('Customer_206', '', '', 'Dublin', 'Ireland'),
('Customer_207', '', '', 'Brussels', 'Belgium'),
('Customer_208', '', '', 'Berlin', 'Germany'),
('Customer_209', '', '', 'Madrid', 'Spain'),
('Customer_210', '', '', 'Brasília', 'Brazil'),
('Customer_211', '', '', 'Vienna', 'Austria'),
('Customer_212', '', '', 'Brasília', 'Brazil'),
('Customer_213', '', '', 'Oslo', 'Norway'),
('Customer_214', '', '', 'Brasília', 'Brazil'),
('Customer_215', '', '', 'Dublin', 'Ireland'),
('Customer_216', '', '', 'Brasília', 'Brazil'),
('Customer_217', '', '', 'Brussels', 'Belgium'),
('Customer_218', '', '', 'Brussels', 'Belgium'),
('Customer_219', '', '', 'Amsterdam', 'Netherlands'),
('Customer_220', '', '', 'Amsterdam', 'Netherlands'),
('Customer_221', '', '', 'Dublin', 'Ireland'),
('Customer_222', '', '', 'Vienna', 'Austria'),
('Customer_223', '', '', 'Rome', 'Italy'),
('Customer_224', '', '', 'Dublin', 'Ireland'),
('Customer_225', '', '', 'Brussels', 'Belgium'),
('Customer_226', '', '', 'Dublin', 'Ireland'),
('Customer_227', '', '', 'Amsterdam', 'Netherlands'),
('Customer_228', '', '', 'Amsterdam', 'Netherlands'),
('Customer_229', '', '', 'Madrid', 'Spain'),
('Customer_230', '', '', 'Brasília', 'Brazil'),
('Customer_231', '', '', 'Berlin', 'Germany'),
('Customer_232', '', '', 'Brasília', 'Brazil'),
('Customer_233', '', '', 'Stockholm', 'Sweden'),
('Customer_234', '', '', 'Berlin', 'Germany'),
('Customer_235', '', '', 'Amsterdam', 'Netherlands'),
('Customer_236', '', '', 'Madrid', 'Spain'),
('Customer_237', '', '', 'Paris', 'France'),
('Customer_238', '', '', 'Brasília', 'Brazil'),
('Customer_239', '', '', 'Oslo', 'Norway'),
('Customer_240', '', '', 'Oslo', 'Norway'),
('Customer_241', '', '', 'Warsaw', 'Poland'),
('Customer_242', '', '', 'Warsaw', 'Poland'),
('Customer_243', '', '', 'Berlin', 'Germany'),
('Customer_244', '', '', 'Madrid', 'Spain'),
('Customer_245', '', '', 'Rome', 'Italy'),
('Customer_246', '', '', 'Rome', 'Italy'),
('Customer_247', '', '', 'Stockholm', 'Sweden'),
('Customer_248', '', '', 'Brussels', 'Belgium'),
('Customer_249', '', '', 'Brasília', 'Brazil'),
('Customer_250', '', '', 'Amsterdam', 'Netherlands'),
('Customer_251', '', '', 'Brasília', 'Brazil'),
('Customer_252', '', '', 'Rome', 'Italy'),
('Customer_253', '', '', 'Amsterdam', 'Netherlands'),
('Customer_254', '', '', 'Rome', 'Italy'),
('Customer_255', '', '', 'Stockholm', 'Sweden'),
('Customer_256', '', '', 'Brussels', 'Belgium'),
('Customer_257', '', '', 'Dublin', 'Ireland'),
('Customer_258', '', '', 'Warsaw', 'Poland'),
('Customer_259', '', '', 'Madrid', 'Spain'),
('Customer_260', '', '', 'Rome', 'Italy'),
('Customer_261', '', '', 'Vienna', 'Austria'),
('Customer_262', '', '', 'Brasília', 'Brazil'),
('Customer_263', '', '', 'Berlin', 'Germany'),
('Customer_264', '', '', 'Oslo', 'Norway'),
('Customer_265', '', '', 'Rome', 'Italy'),
('Customer_266', '', '', 'Dublin', 'Ireland'),
('Customer_267', '', '', 'Rome', 'Italy'),
('Customer_268', '', '', 'Berlin', 'Germany'),
('Customer_269', '', '', 'Brasília', 'Brazil'),
('Customer_270', '', '', 'Madrid', 'Spain'),
('Customer_271', '', '', 'Vienna', 'Austria'),
('Customer_272', '', '', 'Amsterdam', 'Netherlands'),
('Customer_273', '', '', 'Stockholm', 'Sweden'),
('Customer_274', '', '', 'Rome', 'Italy'),
('Customer_275', '', '', 'Warsaw', 'Poland'),
('Customer_276', '', '', 'Brussels', 'Belgium'),
('Customer_277', '', '', 'Oslo', 'Norway'),
('Customer_278', '', '', 'Paris', 'France'),
('Customer_279', '', '', 'Oslo', 'Norway'),
('Customer_280', '', '', 'Rome', 'Italy'),
('Customer_281', '', '', 'Brasília', 'Brazil'),
('Customer_282', '', '', 'Warsaw', 'Poland'),
('Customer_283', '', '', 'Dublin', 'Ireland'),
('Customer_284', '', '', 'Warsaw', 'Poland'),
('Customer_285', '', '', 'Dublin', 'Ireland'),
('Customer_286', '', '', 'Oslo', 'Norway'),
('Customer_287', '', '', 'Oslo', 'Norway'),
('Customer_288', '', '', 'Brasília', 'Brazil'),
('Customer_289', '', '', 'Warsaw', 'Poland'),
('Customer_290', '', '', 'Brussels', 'Belgium'),
('Customer_291', '', '', 'Rome', 'Italy'),
('Customer_292', '', '', 'Stockholm', 'Sweden'),
('Customer_293', '', '', 'Warsaw', 'Poland'),
('Customer_294', '', '', 'Brasília', 'Brazil'),
('Customer_295', '', '', 'Paris', 'France'),
('Customer_296', '', '', 'Madrid', 'Spain'),
('Customer_297', '', '', 'Oslo', 'Norway'),
('Customer_298', '', '', 'Oslo', 'Norway'),
('Customer_299', '', '', 'Amsterdam', 'Netherlands'),
('Customer_300', '', '', 'Berlin', 'Germany'),
('Customer_301', '', '', 'Berlin', 'Germany'),
('Customer_302', '', '', 'Madrid', 'Spain'),
('Customer_303', '', '', 'Oslo', 'Norway'),
('Customer_304', '', '', 'Oslo', 'Norway'),
('Customer_305', '', '', 'Oslo', 'Norway'),
('Customer_306', '', '', 'Oslo', 'Norway'),
('Customer_307', '', '', 'Rome', 'Italy'),
('Customer_308', '', '', 'Brasília', 'Brazil'),
('Customer_309', '', '', 'Dublin', 'Ireland'),
('Customer_310', '', '', 'Brasília', 'Brazil'),
('Customer_311', '', '', 'Warsaw', 'Poland'),
('Customer_312', '', '', 'Berlin', 'Germany'),
('Customer_313', '', '', 'Brussels', 'Belgium'),
('Customer_314', '', '', 'Amsterdam', 'Netherlands'),
('Customer_315', '', '', 'Amsterdam', 'Netherlands'),
('Customer_316', '', '', 'Stockholm', 'Sweden'),
('Customer_317', '', '', 'Oslo', 'Norway'),
('Customer_318', '', '', 'Brasília', 'Brazil'),
('Customer_319', '', '', 'Rome', 'Italy'),
('Customer_320', '', '', 'Paris', 'France'),
('Customer_321', '', '', 'Vienna', 'Austria'),
('Customer_322', '', '', 'Vienna', 'Austria'),
('Customer_323', '', '', 'Vienna', 'Austria'),
('Customer_324', '', '', 'Oslo', 'Norway'),
('Customer_325', '', '', 'Berlin', 'Germany'),
('Customer_326', '', '', 'Berlin', 'Germany'),
('Customer_327', '', '', 'Vienna', 'Austria'),
('Customer_328', '', '', 'Rome', 'Italy'),
('Customer_329', '', '', 'Vienna', 'Austria'),
('Customer_330', '', '', 'Stockholm', 'Sweden'),
('Customer_331', '', '', 'Madrid', 'Spain'),
('Customer_332', '', '', 'Brasília', 'Brazil'),
('Customer_333', '', '', 'Paris', 'France'),
('Customer_334', '', '', 'Vienna', 'Austria'),
('Customer_335', '', '', 'Madrid', 'Spain'),
('Customer_336', '', '', 'Stockholm', 'Sweden'),
('Customer_337', '', '', 'Dublin', 'Ireland'),
('Customer_338', '', '', 'Amsterdam', 'Netherlands'),
('Customer_339', '', '', 'Dublin', 'Ireland'),
('Customer_340', '', '', 'Amsterdam', 'Netherlands'),
('Customer_341', '', '', 'Oslo', 'Norway'),
('Customer_342', '', '', 'Warsaw', 'Poland'),
('Customer_343', '', '', 'Berlin', 'Germany'),
('Customer_344', '', '', 'Warsaw', 'Poland'),
('Customer_345', '', '', 'Madrid', 'Spain'),
('Customer_346', '', '', 'Brussels', 'Belgium'),
('Customer_347', '', '', 'Paris', 'France'),
('Customer_348', '', '', 'Warsaw', 'Poland'),
('Customer_349', '', '', 'Vienna', 'Austria'),
('Customer_350', '', '', 'Berlin', 'Germany'),
('Customer_351', '', '', 'Brasília', 'Brazil'),
('Customer_352', '', '', 'Stockholm', 'Sweden'),
('Customer_353', '', '', 'Paris', 'France'),
('Customer_354', '', '', 'Brasília', 'Brazil'),
('Customer_355', '', '', 'Brussels', 'Belgium'),
('Customer_356', '', '', 'Paris', 'France'),
('Customer_357', '', '', 'Paris', 'France'),
('Customer_358', '', '', 'Oslo', 'Norway'),
('Customer_359', '', '', 'Oslo', 'Norway'),
('Customer_360', '', '', 'Berlin', 'Germany'),
('Customer_361', '', '', 'Madrid', 'Spain'),
('Customer_362', '', '', 'Warsaw', 'Poland'),
('Customer_363', '', '', 'Paris', 'France'),
('Customer_364', '', '', 'Paris', 'France'),
('Customer_365', '', '', 'Vienna', 'Austria'),
('Customer_366', '', '', 'Stockholm', 'Sweden'),
('Customer_367', '', '', 'Amsterdam', 'Netherlands'),
('Customer_368', '', '', 'Rome', 'Italy'),
('Customer_369', '', '', 'Brasília', 'Brazil'),
('Customer_370', '', '', 'Stockholm', 'Sweden'),
('Customer_371', '', '', 'Rome', 'Italy'),
('Customer_372', '', '', 'Stockholm', 'Sweden'),
('Customer_373', '', '', 'Vienna', 'Austria'),
('Customer_374', '', '', 'Paris', 'France'),
('Customer_375', '', '', 'Stockholm', 'Sweden'),
('Customer_376', '', '', 'Dublin', 'Ireland'),
('Customer_377', '', '', 'Paris', 'France'),
('Customer_378', '', '', 'Rome', 'Italy'),
('Customer_379', '', '', 'Berlin', 'Germany'),
('Customer_380', '', '', 'Paris', 'France'),
('Customer_381', '', '', 'Brussels', 'Belgium'),
('Customer_382', '', '', 'Amsterdam', 'Netherlands'),
('Customer_383', '', '', 'Amsterdam', 'Netherlands'),
('Customer_384', '', '', 'Oslo', 'Norway'),
('Customer_385', '', '', 'Brasília', 'Brazil'),
('Customer_386', '', '', 'Berlin', 'Germany'),
('Customer_387', '', '', 'Vienna', 'Austria'),
('Customer_388', '', '', 'Vienna', 'Austria'),
('Customer_389', '', '', 'Oslo', 'Norway'),
('Customer_390', '', '', 'Dublin', 'Ireland'),
('Customer_391', '', '', 'Paris', 'France'),
('Customer_392', '', '', 'Rome', 'Italy'),
('Customer_393', '', '', 'Warsaw', 'Poland'),
('Customer_394', '', '', 'Dublin', 'Ireland'),
('Customer_395', '', '', 'Paris', 'France'),
('Customer_396', '', '', 'Amsterdam', 'Netherlands'),
('Customer_397', '', '', 'Madrid', 'Spain'),
('Customer_398', '', '', 'Rome', 'Italy'),
('Customer_399', '', '', 'Paris', 'France'),
('Customer_400', '', '', 'Oslo', 'Norway'),
('Customer_401', '', '', 'Madrid', 'Spain'),
('Customer_402', '', '', 'Rome', 'Italy'),
('Customer_403', '', '', 'Berlin', 'Germany'),
('Customer_404', '', '', 'Berlin', 'Germany'),
('Customer_405', '', '', 'Oslo', 'Norway'),
('Customer_406', '', '', 'Berlin', 'Germany'),
('Customer_407', '', '', 'Brussels', 'Belgium'),
('Customer_408', '', '', 'Rome', 'Italy'),
('Customer_409', '', '', 'Brasília', 'Brazil'),
('Customer_410', '', '', 'Stockholm', 'Sweden'),
('Customer_411', '', '', 'Dublin', 'Ireland'),
('Customer_412', '', '', 'Oslo', 'Norway'),
('Customer_413', '', '', 'Paris', 'France'),
('Customer_414', '', '', 'Brussels', 'Belgium'),
('Customer_415', '', '', 'Brussels', 'Belgium'),
('Customer_416', '', '', 'Berlin', 'Germany'),
('Customer_417', '', '', 'Berlin', 'Germany'),
('Customer_418', '', '', 'Rome', 'Italy'),
('Customer_419', '', '', 'Dublin', 'Ireland'),
('Customer_420', '', '', 'Brussels', 'Belgium'),
('Customer_421', '', '', 'Berlin', 'Germany'),
('Customer_422', '', '', 'Oslo', 'Norway'),
('Customer_423', '', '', 'Amsterdam', 'Netherlands'),
('Customer_424', '', '', 'Stockholm', 'Sweden'),
('Customer_425', '', '', 'Stockholm', 'Sweden'),
('Customer_426', '', '', 'Brussels', 'Belgium'),
('Customer_427', '', '', 'Vienna', 'Austria'),
('Customer_428', '', '', 'Warsaw', 'Poland'),
('Customer_429', '', '', 'Dublin', 'Ireland'),
('Customer_430', '', '', 'Brasília', 'Brazil'),
('Customer_431', '', '', 'Warsaw', 'Poland'),
('Customer_432', '', '', 'Brasília', 'Brazil'),
('Customer_433', '', '', 'Brussels', 'Belgium'),
('Customer_434', '', '', 'Oslo', 'Norway'),
('Customer_435', '', '', 'Brasília', 'Brazil'),
('Customer_436', '', '', 'Paris', 'France'),
('Customer_437', '', '', 'Warsaw', 'Poland'),
('Customer_438', '', '', 'Brussels', 'Belgium'),
('Customer_439', '', '', 'Madrid', 'Spain'),
('Customer_440', '', '', 'Dublin', 'Ireland'),
('Customer_441', '', '', 'Paris', 'France'),
('Customer_442', '', '', 'Brussels', 'Belgium'),
('Customer_443', '', '', 'Berlin', 'Germany'),
('Customer_444', '', '', 'Warsaw', 'Poland'),
('Customer_445', '', '', 'Paris', 'France'),
('Customer_446', '', '', 'Madrid', 'Spain'),
('Customer_447', '', '', 'Brasília', 'Brazil'),
('Customer_448', '', '', 'Stockholm', 'Sweden'),
('Customer_449', '', '', 'Dublin', 'Ireland'),
('Customer_450', '', '', 'Brussels', 'Belgium'),
('Customer_451', '', '', 'Warsaw', 'Poland'),
('Customer_452', '', '', 'Stockholm', 'Sweden'),
('Customer_453', '', '', 'Amsterdam', 'Netherlands'),
('Customer_454', '', '', 'Dublin', 'Ireland'),
('Customer_455', '', '', 'Stockholm', 'Sweden'),
('Customer_456', '', '', 'Paris', 'France'),
('Customer_457', '', '', 'Madrid', 'Spain'),
('Customer_458', '', '', 'Amsterdam', 'Netherlands'),
('Customer_459', '', '', 'Vienna', 'Austria'),
('Customer_460', '', '', 'Vienna', 'Austria'),
('Customer_461', '', '', 'Amsterdam', 'Netherlands'),
('Customer_462', '', '', 'Berlin', 'Germany'),
('Customer_463', '', '', 'Stockholm', 'Sweden'),
('Customer_464', '', '', 'Rome', 'Italy'),
('Customer_465', '', '', 'Brasília', 'Brazil'),
('Customer_466', '', '', 'Dublin', 'Ireland'),
('Customer_467', '', '', 'Vienna', 'Austria'),
('Customer_468', '', '', 'Brussels', 'Belgium'),
('Customer_469', '', '', 'Berlin', 'Germany'),
('Customer_470', '', '', 'Berlin', 'Germany'),
('Customer_471', '', '', 'Warsaw', 'Poland'),
('Customer_472', '', '', 'Dublin', 'Ireland'),
('Customer_473', '', '', 'Warsaw', 'Poland'),
('Customer_474', '', '', 'Rome', 'Italy'),
('Customer_475', '', '', 'Paris', 'France'),
('Customer_476', '', '', 'Madrid', 'Spain'),
('Customer_477', '', '', 'Brussels', 'Belgium'),
('Customer_478', '', '', 'Warsaw', 'Poland'),
('Customer_479', '', '', 'Stockholm', 'Sweden'),
('Customer_480', '', '', 'Rome', 'Italy'),
('Customer_481', '', '', 'Warsaw', 'Poland'),
('Customer_482', '', '', 'Brasília', 'Brazil'),
('Customer_483', '', '', 'Madrid', 'Spain'),
('Customer_484', '', '', 'Berlin', 'Germany'),
('Customer_485', '', '', 'Paris', 'France'),
('Customer_486', '', '', 'Brussels', 'Belgium'),
('Customer_487', '', '', 'Vienna', 'Austria'),
('Customer_488', '', '', 'Vienna', 'Austria'),
('Customer_489', '', '', 'Rome', 'Italy'),
('Customer_490', '', '', 'Madrid', 'Spain'),
('Customer_491', '', '', 'Madrid', 'Spain'),
('Customer_492', '', '', 'Berlin', 'Germany'),
('Customer_493', '', '', 'Madrid', 'Spain'),
('Customer_494', '', '', 'Paris', 'France'),
('Customer_495', '', '', 'Vienna', 'Austria'),
('Customer_496', '', '', 'Paris', 'France'),
('Customer_497', '', '', 'Paris', 'France'),
('Customer_498', '', '', 'Brasília', 'Brazil'),
('Customer_499', '', '', 'Paris', 'France'),
('Customer_500', '', '', 'Vienna', 'Austria');

create table inventory(
inventory_id serial primary key,
product_id Integer not null,
quantity integer not null,
cost_price_amount numeric(10,4),
created_at timestamp default current_timestamp
)

insert into inventory(product_id,quantity,cost_price_amount)
values
(1, 94, 3139.6),
(2, 94, 2788.98),
(3, 94, 2322.74),
(4, 187, 7416.42),
(5, 94, 3056.88),
(6, 187, 5572.6),
(7, 187, 4925.58),
(8, 187, 3945.7),
(9, 187, 4482.39),
(10, 187, 3822.28),
(11, 94, 2538.94),
(12, 187, 5937.25),
(13, 187, 7364.06),
(14, 94, 3677.28),
(15, 187, 4315.96),
(16, 187, 6488.9),
(17, 187, 4878.83),
(18, 187, 4774.11),
(19, 187, 4200.02),
(20, 94, 3446.04),
(21, 187, 5912.94),
(22, 94, 3755.3),
(23, 187, 6481.42),
(24, 187, 5015.34),
(25, 94, 2235.32),
(26, 187, 6834.85),
(27, 187, 4789.07),
(28, 94, 2340.6),
(29, 187, 5976.52),
(30, 94, 2231.56),
(31, 187, 7459.43),
(32, 187, 6178.48),
(33, 94, 2927.16),
(34, 187, 5768.95),
(35, 187, 6271.98),
(36, 187, 5593.17),
(37, 187, 6754.44),
(38, 94, 1949.56),
(39, 187, 5451.05),
(40, 94, 3749.66),
(41, 187, 5931.64),
(42, 94, 3091.66),
(43, 94, 2535.18),
(44, 94, 2509.8),
(45, 94, 2762.66),
(46, 187, 4994.77),
(47, 94, 3149),
(48, 94, 2166.7),
(49, 94, 2376.32),
(50, 94, 2887.68),
(51, 187, 3846.59),
(52, 54, 1412.1),
(53, 187, 4519.79),
(54, 54, 1086.48),
(55, 187, 3998.06),
(56, 187, 5088.27),
(57, 187, 4325.31),
(58, 54, 856.44),
(59, 47, 1336.68),
(60, 54, 1172.34),
(61, 187, 5172.42),
(62, 187, 4762.89),
(63, 54, 1168.56),
(64, 187, 4181.32),
(65, 47, 1176.88),
(66, 54, 1212.84),
(67, 54, 824.58),
(68, 187, 5187.38),
(69, 187, 3736.26),
(70, 54, 1441.8),
(71, 47, 1247.85),
(72, 187, 3115.42),
(73, 47, 933.89),
(74, 187, 4701.18),
(75, 47, 1344.67),
(76, 187, 2960.21),
(77, 187, 2848.01),
(78, 54, 1376.46),
(79, 187, 3197.7),
(80, 47, 865.74),
(81, 187, 4916.23),
(82, 187, 4783.46),
(83, 187, 2977.04),
(84, 187, 4473.04),
(85, 54, 1595.16),
(86, 54, 1249.56),
(87, 54, 1072.98),
(88, 187, 5333.24),
(89, 187, 4157.01),
(90, 47, 1039.64),
(91, 54, 1519.56),
(92, 187, 4564.67),
(93, 187, 5458.53),
(94, 187, 5308.93),
(95, 187, 4001.8),
(96, 187, 4611.42),
(97, 187, 3833.5),
(98, 187, 3889.6),
(99, 187, 4207.5),
(100, 187, 3949.44),
(101, 134, 509.2),
(102, 468, 2171.52),
(103, 134, 778.54),
(104, 468, 1731.6),
(105, 468, 987.48),
(106, 468, 1558.44),
(107, 468, 996.84),
(108, 134, 629.8),
(109, 468, 1544.4),
(110, 117, 641.16),
(111, 468, 2485.08),
(112, 134, 375.2),
(113, 468, 1137.24),
(114, 468, 2087.28),
(115, 117, 234),
(116, 468, 1581.84),
(117, 117, 634.14),
(118, 468, 1506.96),
(119, 117, 335.79),
(120, 468, 1876.68),
(121, 89, 1087.58),
(122, 312, 4564.56),
(123, 312, 4318.08),
(124, 312, 3946.8),
(125, 78, 928.2),
(126, 312, 3260.4),
(127, 89, 1221.97),
(128, 312, 3921.84),
(129, 78, 921.18),
(130, 312, 3422.64),
(131, 312, 4555.2),
(132, 89, 1042.19),
(133, 312, 3260.4),
(134, 78, 811.2),
(135, 89, 981.67),
(136, 78, 978.12),
(137, 78, 1046.76),
(138, 312, 4112.16),
(139, 89, 1188.15),
(140, 89, 924.71),
(141, 78, 911.82),
(142, 312, 4589.52),
(143, 89, 918.48),
(144, 312, 4474.08),
(145, 78, 902.46),
(146, 78, 850.98),
(147, 312, 3506.88),
(148, 89, 1284.27),
(149, 78, 879.84),
(150, 312, 3394.56),
(151, 312, 3881.28),
(152, 312, 4424.16),
(153, 89, 1295.84),
(154, 312, 4361.76),
(155, 312, 3531.84),
(156, 78, 969.54),
(157, 78, 1060.8),
(158, 312, 4246.32),
(159, 78, 819.78),
(160, 89, 1249.56),
(161, 78, 951.6),
(162, 78, 1131),
(163, 312, 4676.88),
(164, 312, 3553.68),
(165, 312, 3291.6),
(166, 89, 965.65),
(167, 312, 3666),
(168, 78, 1132.56),
(169, 78, 1159.86),
(170, 89, 1134.75),
(171, 89, 1018.16),
(172, 89, 1175.69),
(173, 312, 3541.2),
(174, 312, 4296.24),
(175, 312, 3247.92),
(176, 312, 4470.96),
(177, 312, 3553.68),
(178, 312, 3385.2),
(179, 312, 3372.72),
(180, 312, 4633.2),
(181, 375, 5520),
(182, 107, 1632.82),
(183, 375, 7177.5),
(184, 107, 1380.3),
(185, 94, 1658.16),
(186, 375, 7252.5),
(187, 94, 1220.12),
(188, 94, 2312.4),
(189, 375, 9176.25),
(190, 107, 1193.05),
(191, 107, 2492.03),
(192, 107, 1627.47),
(193, 375, 6532.5),
(194, 375, 7968.75),
(195, 375, 3937.5),
(196, 94, 1232.34),
(197, 375, 7218.75),
(198, 375, 5182.5),
(199, 375, 7803.75),
(200, 375, 4413.75),
(201, 107, 1522.61),
(202, 94, 2079.28),
(203, 375, 5786.25),
(204, 107, 1728.05),
(205, 375, 8741.25),
(206, 94, 1251.14),
(207, 375, 8550),
(208, 375, 7702.5),
(209, 375, 6708.75),
(210, 107, 1387.79),
(211, 94, 1716.44),
(212, 107, 2214.9),
(213, 94, 1618.68),
(214, 375, 7425),
(215, 375, 7545),
(216, 94, 1125.18),
(217, 375, 6832.5),
(218, 94, 2218.4),
(219, 107, 1112.8),
(220, 375, 8347.5),
(221, 375, 5793.75),
(222, 107, 2036.21),
(223, 375, 4590),
(224, 107, 1458.41),
(225, 107, 1361.04),
(226, 375, 8887.5),
(227, 375, 7301.25),
(228, 94, 1295.32),
(229, 94, 2229.68),
(230, 94, 2010.66),
(231, 156, 8188.44),
(232, 156, 10990.2),
(233, 156, 8597.16),
(234, 156, 12359.88),
(235, 156, 7583.16),
(236, 156, 9402.12),
(237, 156, 8973.12),
(238, 156, 7600.32),
(239, 156, 11222.64),
(240, 156, 8450.52),
(241, 156, 7614.36),
(242, 156, 11350.56),
(243, 156, 10899.72),
(244, 156, 4196.4),
(245, 156, 6709.56),
(246, 156, 4444.44),
(247, 156, 5890.56),
(248, 156, 7555.08),
(249, 156, 11107.2),
(250, 156, 10742.16),
(251, 156, 4212),
(252, 156, 12798.24),
(253, 156, 11158.68),
(254, 156, 12640.68),
(255, 156, 10272.6),
(256, 156, 13022.88),
(257, 156, 4625.4),
(258, 156, 9938.76),
(259, 156, 9211.8),
(260, 156, 10313.16),
(261, 234, 7869.42),
(262, 234, 3807.18),
(263, 234, 5714.28),
(264, 234, 6825.78),
(265, 234, 4165.2),
(266, 12, 7759.2),
(267, 12, 5886),
(268, 12, 6282.24),
(269, 12, 6637.32),
(270, 12, 6844.92),
(271, 1561, 72633.33),
(272, 1561, 39618.18),
(273, 1561, 42256.27),
(274, 1561, 56492.59),
(275, 1561, 65031.26),
(276, 1561, 72805.04),
(277, 1561, 33951.75),
(278, 1561, 47750.99),
(279, 1561, 63080.01),
(280, 1561, 46392.92),
(281, 1561, 34154.68),
(282, 1561, 32843.44),
(283, 1561, 36730.33),
(284, 1561, 66061.52),
(285, 1561, 50014.44),
(286, 1561, 30033.64),
(287, 1561, 33452.23),
(288, 1561, 56196),
(289, 1561, 48312.95),
(290, 1561, 48078.8),
(291, 1561, 9740.64),
(292, 1561, 47829.04),
(293, 1561, 72664.55),
(294, 1561, 51153.97),
(295, 1561, 76145.58),
(296, 1561, 10302.6),
(297, 1561, 61097.54),
(298, 1561, 74693.85),
(299, 1561, 61347.3),
(300, 1561, 36995.7),
(301, 328, 5904),
(302, 328, 4536.24),
(303, 328, 11289.76),
(304, 328, 4503.44),
(305, 328, 6635.44),
(306, 328, 2476.4),
(307, 328, 14169.6),
(308, 328, 5494),
(309, 328, 6658.4),
(310, 328, 2381.28),
(311, 328, 12372.16),
(312, 328, 2427.2),
(313, 328, 6514.08),
(314, 328, 10384.48),
(315, 328, 13749.76),
(316, 328, 13776),
(317, 328, 4365.68),
(318, 328, 11102.8),
(319, 328, 3850.72),
(320, 328, 10945.36),
(321, 328, 4844.56),
(322, 328, 8600.16),
(323, 328, 9600.56),
(324, 328, 5412),
(325, 328, 3194.72),
(326, 328, 5785.92),
(327, 328, 13861.28),
(328, 328, 13280.72),
(329, 328, 2896.24),
(330, 328, 2788),
(331, 328, 13087.2),
(332, 328, 11801.44),
(333, 328, 13398.8),
(334, 328, 7580.08),
(335, 328, 11070),
(336, 328, 3945.84),
(337, 328, 8108.16),
(338, 328, 12352.48),
(339, 328, 9321.76),
(340, 328, 11306.16),
(341, 328, 7294.72),
(342, 328, 11063.44),
(343, 328, 13202),
(344, 328, 4992.16),
(345, 328, 4565.76),
(346, 328, 13598.88),
(347, 328, 13044.56),
(348, 328, 12687.04),
(349, 328, 7360.32),
(350, 328, 14651.76),
(351, 624, 38126.4),
(352, 624, 34057.92),
(353, 624, 55467.36),
(354, 624, 53826.24),
(355, 624, 52166.4),
(356, 624, 54456.48),
(357, 624, 43942.08),
(358, 624, 47442.72),
(359, 624, 44129.28),
(360, 624, 46076.16),
(361, 624, 49239.84),
(362, 624, 44503.68),
(363, 624, 46020),
(364, 624, 39068.64),
(365, 624, 36241.92),
(366, 781, 37816.02),
(367, 781, 22656.81),
(368, 781, 70375.91),
(369, 781, 17720.89),
(370, 781, 24328.15),
(371, 781, 61113.25),
(372, 781, 42814.42),
(373, 781, 36972.54),
(374, 781, 34364),
(375, 781, 16877.41),
(376, 781, 16354.14),
(377, 781, 37042.83),
(378, 781, 56552.21),
(379, 781, 45555.73),
(380, 781, 17877.09),
(381, 781, 27420.91),
(382, 781, 9840.6),
(383, 781, 7528.84),
(384, 781, 74991.62),
(385, 781, 62269.13),
(386, 781, 57801.81),
(387, 781, 5092.12),
(388, 781, 16822.74),
(389, 781, 28061.33),
(390, 781, 47117.73),
(391, 781, 69204.41),
(392, 781, 26803.92),
(393, 781, 17955.19),
(394, 781, 22789.58),
(395, 781, 41557.01),
(396, 781, 53623.46),
(397, 781, 21321.3),
(398, 781, 61722.43),
(399, 781, 30544.91),
(400, 781, 53459.45),
(401, 781, 34715.45),
(402, 781, 43767.24),
(403, 781, 18431.6),
(404, 781, 26710.2),
(405, 781, 31310.29),
(406, 781, 41228.99),
(407, 781, 56403.82),
(408, 781, 35160.62),
(409, 781, 61800.53),
(410, 781, 8981.5);

drop table if exists daily_inventory

create table daily_inventory(
daily_inventory_id serial primary key,
product_id integer not null,
quantity integer not null,
cost_price_amount numeric(10,4),
inventory_date timestamp default current_timestamp
)

insert into daily_inventory (product_id, quantity, cost_price_amount)
select product_id, quantity, cost_price_amount from inventory

select * from daily_inventory di 


create table orders(
order_id serial primary key,
customer_id integer not null,
order_date timestamp default current_timestamp,
total_amount numeric(10,4),
total_cogs numeric(10,4),
total_profit numeric(10,4),
operating_expenses numeric(10,4)
);

create table order_items(
order_item_id serial primary key,
order_id integer not null,
product_id integer not null,
quantity integer not null,
price numeric(10,4) not null,
cost_price numeric(10,4) not null
)

create table replenishment_orders(
replenishment_order_id serial primary key,
product_id integer not null,
supplier_id integer not null,
order_date timestamp default current_timestamp,
delivery_date timestamp not null,
quantity integer not null,
cost_price numeric(10,4),
status text
)
